State/UT,District,Grade,District Score 2018-19 - Overall,District Score 2018-19 - Category - 1.Outcome (290),District Score 2018-19 - Category - 2. ECT (90),District Score 2018-19 - Category - 3. IF&SE (51),District Score 2018-19 - Category - 4.SS&CP (35),District Score 2018-19 - Category - 5. DL (50),District Score 2018-19 - Category - 6. GP (84)
Andaman and Nicobar,Andamans,Uttam,376,150,82,38,31,16,60
Andaman and Nicobar,Middle and North Andamans,Uttam,375,155,80,37,32,9,62
Andaman and Nicobar,Nicobars,Prachesta-1,353,137,80,37,35,8,57
Andhra Pradesh,Srikakulam,Uttam,394,195,69,37,24,4,64
Andhra Pradesh,East Godavari,Uttam,393,216,71,31,9,6,60
Andhra Pradesh,Guntur,Uttam,376,187,75,26,23,6,60
Andhra Pradesh,Krishna,Uttam,374,192,71,28,16,6,61
Andhra Pradesh,Prakasam,Uttam,373,197,69,23,18,5,62
Andhra Pradesh,Nellore,Uttam,367,159,76,36,26,5,66
Andhra Pradesh,Kurnool,Uttam,363,170,73,24,27,5,65
Andhra Pradesh,Anantapur,Uttam,361,183,71,27,20,4,57
Andhra Pradesh,Chittoor,Prachesta-1,354,162,76,31,18,5,62
Andhra Pradesh,Kadapa,Prachesta-1,351,170,73,23,17,4,63
Andhra Pradesh,West Godavari,Prachesta-1,349,161,66,28,29,7,58
Andhra Pradesh,Visakhapatnam,Prachesta-1,347,159,71,35,20,6,57
Andhra Pradesh,Vizianagaram,Prachesta-1,334,152,75,27,13,4,62
Arunachal Pradesh,Tirap,Prachesta-1,314,128,61,40,28,2,56
Arunachal Pradesh,Kamle,Prachesta-1,301,113,69,31,32,2,53
Arunachal Pradesh,Anjaw,Prachesta-2,295,126,62,38,17,2,49
Arunachal Pradesh,Lower Dibang Valley,Prachesta-2,291,92,73,40,25,8,54
Arunachal Pradesh,Tawang,Prachesta-2,264,112,52,41,16,1,42
Arunachal Pradesh,East Siang,Prachesta-2,257,84,55,40,23,3,51
Arunachal Pradesh,Capital Complex Itanagar,Prachesta-2,255,110,56,28,5,5,51
Arunachal Pradesh,West Kameng,Prachesta-2,255,98,60,31,19,9,39
Arunachal Pradesh,Lower Subansiri,Prachesta-2,251,103,67,34,5,4,38
Arunachal Pradesh,Changlang,Prachesta-2,249,89,52,39,29,4,36
Arunachal Pradesh,West Siang,Prachesta-2,249,96,69,33,5,1,44
Arunachal Pradesh,Upper Siang,Prachesta-2,243,95,65,32,7,2,43
Arunachal Pradesh,Kra Dadi,Prachesta-3,235,94,58,36,11,0,35
Arunachal Pradesh,Lohit,Prachesta-3,233,135,32,33,2,0,30
Arunachal Pradesh,Kurung Kumey,Prachesta-3,228,101,34,33,9,1,50
Arunachal Pradesh,Siang,Prachesta-3,223,124,14,32,7,1,46
Arunachal Pradesh,Upper Subansiri,Prachesta-3,215,90,33,33,5,1,53
Arunachal Pradesh,East Kameng,Prachesta-3,213,87,59,33,22,3,8
Arunachal Pradesh,Lower Siang,Prachesta-3,212,83,32,36,3,3,54
Arunachal Pradesh,Papum Pare,Prachesta-3,209,89,52,29,7,1,31
Arunachal Pradesh,Longding,Prachesta-3,208,90,64,35,10,8,1
Arunachal Pradesh,Dibang Valley,Prachesta-3,187,100,29,37,7,3,11
Arunachal Pradesh,Namsai,Akanshi-1,144,71,12,39,NA,2,20
Assam,Majuli,Uttam,379,171,76,36,30,2,63
Assam,Morigaon,Uttam,375,176,70,33,24,10,61
Assam,Dibrugarh,Prachesta-1,350,151,76,32,32,5,55
Assam,Charaideo,Prachesta-1,349,161,67,30,25,3,63
Assam,Sibsagar,Prachesta-1,345,169,64,32,21,4,55
Assam,Jorhat,Prachesta-1,344,156,65,34,27,5,58
Assam,Darrang,Prachesta-1,341,148,67,34,22,9,61
Assam,Nalbari,Prachesta-1,341,166,55,36,25,3,56
Assam,Kamrup-Rural,Prachesta-1,339,166,75,34,21,2,41
Assam,Hailakandi,Prachesta-1,338,172,68,29,14,1,54
Assam,Goalpara,Prachesta-1,337,155,58,35,17,2,71
Assam,Biswanath,Prachesta-1,335,151,73,35,18,3,56
Assam,Dima Hasao,Prachesta-1,325,161,56,36,21,2,49
Assam,Dhubri,Prachesta-1,324,161,59,30,16,2,55
Assam,Cachar,Prachesta-1,323,155,65,28,19,3,54
Assam,Sonitpur,Prachesta-1,322,140,63,37,20,3,58
Assam,Kokrajhar,Prachesta-1,321,174,51,27,17,2,50
Assam,Nagaon,Prachesta-1,320,172,56,36,12,3,43
Assam,Karbi Anglong,Prachesta-1,320,145,57,38,23,3,53
Assam,Hojai,Prachesta-1,314,165,56,33,11,3,47
Assam,West Karbi Anglong,Prachesta-1,312,133,69,32,23,2,54
Assam,Golaghat,Prachesta-1,311,146,62,28,17,4,54
Assam,Tinsukia,Prachesta-1,311,144,72,36,13,5,40
Assam,Barpeta,Prachesta-1,309,163,46,35,16,3,45
Assam,Bongaigaon,Prachesta-1,300,156,58,25,10,2,48
Assam,Kamrup-Metro,Prachesta-2,295,163,36,36,4,10,45
Assam,Udalguri,Prachesta-2,293,138,46,35,19,2,52
Assam,Karimganj,Prachesta-2,291,146,49,29,16,2,49
Assam,Dhemaji,Prachesta-2,288,124,54,34,19,3,55
Assam,Baksa,Prachesta-2,269,149,40,25,19,2,34
Assam,Lakhimpur,Prachesta-2,267,163,37,31,3,3,31
Assam,Chirang,Prachesta-2,264,147,38,33,18,3,25
Assam,South Salmara-Mankachar,Prachesta-2,251,142,44,30,11,1,24
Bihar,Kaimur (Bhabua),Prachesta-1,344,145,80,39,30,2,48
Bihar,Nawada,Prachesta-1,338,140,75,33,34,2,55
Bihar,Siwan,Prachesta-1,335,146,78,29,29,2,51
Bihar,Munger,Prachesta-1,332,142,73,34,33,3,47
Bihar,Madhubani,Prachesta-1,327,148,72,31,24,6,47
Bihar,Patna,Prachesta-1,327,149,67,35,24,6,46
Bihar,Buxar,Prachesta-1,325,146,76,33,25,3,42
Bihar,Begusarai,Prachesta-1,317,140,75,29,24,2,46
Bihar,Supaul,Prachesta-1,316,138,67,25,29,2,55
Bihar,Jehanabad,Prachesta-1,314,113,78,29,32,2,60
Bihar,Lakhisarai,Prachesta-1,313,147,66,31,22,2,44
Bihar,Khagaria,Prachesta-1,306,133,61,32,24,2,55
Bihar,Gaya,Prachesta-1,305,131,67,31,35,4,37
Bihar,Samastipur,Prachesta-1,305,128,75,29,29,2,41
Bihar,Nalanda,Prachesta-1,304,136,64,33,24,3,45
Bihar,Vaishali,Prachesta-1,303,140,58,31,21,3,50
Bihar,Gopalganj,Prachesta-1,303,143,71,31,11,2,44
Bihar,Banka,Prachesta-1,301,119,69,32,30,2,50
Bihar,Muzaffarpur,Prachesta-2,299,129,65,27,27,2,50
Bihar,Saharsa,Prachesta-2,299,117,79,34,35,2,32
Bihar,Sheikhpura,Prachesta-2,299,117,69,34,23,2,53
Bihar,Jamui,Prachesta-2,297,134,53,38,20,2,49
Bihar,Purba Champaran,Prachesta-2,294,124,70,34,24,6,36
Bihar,Purnia,Prachesta-2,292,122,64,31,28,2,45
Bihar,Bhagalpur,Prachesta-2,288,125,60,34,20,2,46
Bihar,Saran,Prachesta-2,286,139,60,29,16,2,41
Bihar,Darbhanga,Prachesta-2,285,108,70,32,27,2,46
Bihar,Arwal,Prachesta-2,284,140,73,29,24,2,16
Bihar,Rohtas,Prachesta-2,280,123,69,31,24,3,31
Bihar,Katihar,Prachesta-2,279,140,62,25,20,2,30
Bihar,Bhojpur,Prachesta-2,267,111,51,29,24,2,51
Bihar,Aurangabad (Bihar),Prachesta-2,266,121,49,36,25,2,33
Bihar,Sitamarhi,Prachesta-2,260,127,51,26,17,2,37
Bihar,Pashchim Champaran,Prachesta-2,246,116,51,32,9,2,36
Bihar,Araria,Prachesta-3,239,130,38,35,8,1,26
Bihar,Kishanganj,Prachesta-3,234,92,67,24,29,1,22
Bihar,Sheohar,Prachesta-3,232,118,41,26,15,2,30
Bihar,Madhepura,Prachesta-3,196,106,37,28,NA,3,22
Chandigarh,Chandigarh,Ati-Uttam,454,197,84,46,33,35,59
Chhattisgarh,Surguja,Ati-Uttam,427,201,79,42,27,9,68
Chhattisgarh,Surajpur,Uttam,418,182,79,43,30,14,69
Chhattisgarh,Durg,Uttam,399,167,80,40,26,16,69
Chhattisgarh,Jashpur,Uttam,392,171,78,42,28,5,67
Chhattisgarh,Balod,Uttam,389,155,80,43,31,11,69
Chhattisgarh,Balodabazar,Uttam,389,156,77,41,29,16,69
Chhattisgarh,Raigarh,Uttam,383,149,76,42,30,12,73
Chhattisgarh,Gariaband,Uttam,379,148,77,42,28,12,72
Chhattisgarh,Kanker,Uttam,378,133,73,43,30,26,73
Chhattisgarh,Dhamtari,Uttam,377,140,80,44,28,13,73
Chhattisgarh,Mahasamund,Uttam,376,151,78,41,26,13,67
Chhattisgarh,Raipur,Uttam,374,141,79,39,27,16,73
Chhattisgarh,Bemetara,Uttam,374,151,74,40,26,12,70
Chhattisgarh,Janjgir - Champa,Uttam,372,136,79,38,29,20,70
Chhattisgarh,Mungeli,Uttam,370,153,78,36,26,12,65
Chhattisgarh,Balrampur Cg,Uttam,370,176,79,33,27,11,43
Chhattisgarh,Rajnandgaon,Uttam,369,152,76,42,26,12,61
Chhattisgarh,Bilaspur,Uttam,368,146,78,42,24,13,65
Chhattisgarh,Kondagaon,Uttam,367,151,75,43,18,11,68
Chhattisgarh,Baster,Uttam,366,146,69,39,32,12,68
Chhattisgarh,Koriya,Uttam,365,142,79,39,26,12,66
Chhattisgarh,Korba,Uttam,364,141,77,38,32,12,64
Chhattisgarh,Dantewada,Uttam,361,137,75,41,31,7,69
Chhattisgarh,Sukma,Uttam,361,151,71,33,30,7,69
Chhattisgarh,Kawardha,Prachesta-1,354,131,77,42,25,12,67
Chhattisgarh,Bijapur,Prachesta-1,341,116,77,38,31,11,68
Chhattisgarh,Narayanpur,Prachesta-1,339,127,74,38,26,4,70
Dadra and Nagar Haveli,Daman,Uttam,415,151,83,42,35,30,74
Dadra and Nagar Haveli,Dadra and Nagar Haveli,Uttam,402,167,69,41,30,18,77
Dadra and Nagar Haveli,Diu,Uttam,376,129,74,44,23,29,77
Delhi,West A : 2018-19,Ati-Uttam,436,161,85,43,35,31,81
Delhi,North West: 2018-19,Ati-Uttam,426,154,83,43,35,30,80
Delhi,New Delhi : 2018-19,Uttam,419,157,71,44,33,33,82
Delhi,East : 2018-19,Uttam,414,156,81,43,35,27,72
Delhi,North : 2018-19,Uttam,410,153,81,43,35,26,73
Delhi,South West A : 2018-19,Uttam,407,133,83,44,35,32,81
Delhi,North East : 2018-19,Uttam,407,145,83,44,35,28,73
Delhi,South : 2018-19,Uttam,403,136,84,44,35,30,75
Delhi,Central : 2018-19,Uttam,398,133,81,42,35,29,79
Goa,South Goa,Prachesta-1,347,157,62,38,23,20,47
Goa,North Goa,Prachesta-1,341,146,71,37,21,18,48
Gujarat,Kheda,Ati-Uttam,444,179,81,44,33,39,68
Gujarat,Botad,Ati-Uttam,439,183,80,40,33,33,70
Gujarat,Surat,Ati-Uttam,438,186,82,40,35,26,70
Gujarat,Junagadh,Ati-Uttam,435,185,69,39,33,39,69
Gujarat,Mahesana,Ati-Uttam,433,179,81,36,35,27,75
Gujarat,Panch Mahals,Ati-Uttam,428,189,77,41,32,23,65
Gujarat,Sabar Kantha,Uttam,416,160,82,43,31,28,73
Gujarat,Rajkot,Uttam,413,178,71,40,22,30,72
Gujarat,Patan,Uttam,411,167,79,42,34,21,68
Gujarat,Porbandar,Uttam,410,177,76,39,24,27,67
Gujarat,Navsari,Uttam,409,170,80,40,33,26,60
Gujarat,Aravalli,Uttam,408,166,77,36,31,21,77
Gujarat,Bhavnagar,Uttam,407,171,74,33,20,33,77
Gujarat,Gandhinagar,Uttam,406,167,71,39,31,28,69
Gujarat,Kachchh,Uttam,405,158,81,41,32,28,65
Gujarat,Dohad,Uttam,405,170,79,38,31,12,75
Gujarat,Anand,Uttam,403,153,80,43,31,25,71
Gujarat,Mahisagar,Uttam,403,169,82,36,28,20,68
Gujarat,Morbi,Uttam,397,167,76,33,27,29,64
Gujarat,Tapi,Uttam,395,169,80,37,35,17,57
Gujarat,Amreli,Uttam,395,158,70,41,23,31,72
Gujarat,Banas Kantha,Uttam,394,159,73,29,34,25,75
Gujarat,Jamnagar,Uttam,393,154,72,37,30,26,74
Gujarat,Devbhoomi Dwarka,Uttam,393,152,82,35,30,24,70
Gujarat,Bharuch,Uttam,386,143,78,37,32,29,67
Gujarat,Valsad,Uttam,386,169,68,41,25,21,61
Gujarat,Surendranagar,Uttam,379,141,69,38,35,30,65
Gujarat,Ahmedabad,Uttam,378,162,68,39,30,26,53
Gujarat,Vadodara,Uttam,374,160,80,42,14,23,55
Gujarat,Gir Somnath,Uttam,370,153,68,38,24,25,62
Gujarat,The Dangs,Uttam,369,145,79,42,31,16,56
Gujarat,Narmada,Uttam,364,137,74,40,35,18,61
Gujarat,Chhotaudepur,Prachesta-1,350,140,72,41,24,16,57
Haryana,Rohtak,Uttam,378,153,76,40,21,19,69
Haryana,Gurugram,Uttam,376,159,67,40,17,20,71
Haryana,Sonipat,Uttam,371,160,66,33,29,14,70
Haryana,Sirsa,Uttam,370,156,78,40,20,14,63
Haryana,Panipat,Uttam,370,150,75,40,14,17,74
Haryana,Charkhi Dadri,Uttam,369,147,74,41,19,14,73
Haryana,Jhajjar,Uttam,369,172,69,35,21,16,55
Haryana,Hisar,Uttam,367,154,77,41,25,17,53
Haryana,Jind,Uttam,366,147,77,36,24,13,69
Haryana,Fatehabad,Uttam,364,140,79,39,35,12,59
Haryana,Panchkula,Uttam,361,144,73,41,21,13,69
Haryana,Palwal,Prachesta-1,359,133,76,40,25,13,73
Haryana,Kaithal,Prachesta-1,356,150,73,40,19,14,59
Haryana,Faridabad,Prachesta-1,355,150,62,40,12,21,70
Haryana,Ambala,Prachesta-1,353,142,64,43,18,14,73
Haryana,Bhiwani,Prachesta-1,352,144,72,41,18,13,64
Haryana,Kurukshetra,Prachesta-1,340,144,63,41,20,13,59
Haryana,Mahendragarh,Prachesta-1,338,124,75,38,20,10,71
Haryana,Karnal,Prachesta-1,327,127,63,39,17,14,67
Haryana,Yamunanagar,Prachesta-1,326,139,59,40,18,10,60
Haryana,Rewari,Prachesta-1,318,149,80,26,27,13,22
Haryana,Nuh,Prachesta-1,310,105,76,40,25,6,57
Himachal Pradesh,Kangra,Prachesta-1,359,168,69,44,23,12,42
Himachal Pradesh,Mandi,Prachesta-1,357,160,80,38,21,9,48
Himachal Pradesh,Shimla,Prachesta-1,341,148,78,38,19,9,50
Himachal Pradesh,Una,Prachesta-1,323,136,65,43,26,14,39
Himachal Pradesh,Hamirpur (H.P.),Prachesta-1,322,147,69,44,15,14,33
Himachal Pradesh,Bilaspur (H.P.),Prachesta-1,312,151,75,30,24,10,21
Himachal Pradesh,Kullu,Prachesta-1,303,124,64,42,12,9,52
Himachal Pradesh,Chamba,Prachesta-1,301,131,73,31,13,7,45
Himachal Pradesh,Kinnaur,Prachesta-2,293,136,68,35,13,13,27
Himachal Pradesh,Solan,Prachesta-2,285,143,57,39,11,12,23
Himachal Pradesh,Sirmaur,Prachesta-2,281,121,66,28,8,8,51
Himachal Pradesh,Lahul and Spiti,Prachesta-2,268,121,76,34,2,7,28
Jammu and Kashmir,Srinagar,Prachesta-1,333,149,61,33,22,12,56
Jammu and Kashmir,Ganderbal,Prachesta-1,307,124,71,29,26,6,50
Jammu and Kashmir,Jammu,Prachesta-2,296,123,72,31,19,10,41
Jammu and Kashmir,Bandipora,Prachesta-2,293,133,58,39,13,5,45
Jammu and Kashmir,Pulwama,Prachesta-2,289,122,60,34,13,5,55
Jammu and Kashmir,Kulgam,Prachesta-2,284,135,45,38,13,5,49
Jammu and Kashmir,Ramban,Prachesta-2,281,128,66,27,11,4,45
Jammu and Kashmir,Baramula,Prachesta-2,277,134,62,23,2,3,52
Jammu and Kashmir,Kupwara,Prachesta-2,271,145,51,30,9,4,32
Jammu and Kashmir,Samba,Prachesta-2,271,135,45,47,3,8,33
Jammu and Kashmir,Anantnag,Prachesta-2,262,121,41,33,14,6,47
Jammu and Kashmir,Badgam,Prachesta-2,260,138,43,27,6,6,40
Jammu and Kashmir,Shopian,Prachesta-2,257,126,54,20,15,5,37
Jammu and Kashmir,Rajauri,Prachesta-3,240,111,42,38,12,3,33
Jammu and Kashmir,Doda,Prachesta-3,235,105,61,31,4,4,30
Jammu and Kashmir,Kishtwar,Prachesta-3,229,96,69,22,9,3,30
Jammu and Kashmir,Udhampur,Prachesta-3,211,103,58,29,6,4,12
Jammu and Kashmir,Kathua,Prachesta-3,208,107,38,29,7,5,22
Jammu and Kashmir,Punch,Prachesta-3,201,96,35,25,2,3,40
Jammu and Kashmir,Reasi,Prachesta-3,193,87,63,22,6,4,11
Jharkhand,Hazaribag,Uttam,394,178,80,33,30,7,65
Jharkhand,Ranchi,Uttam,368,161,78,38,22,10,60
Jharkhand,Dhanbad,Uttam,368,176,57,41,19,10,63
Jharkhand,Ramgarh,Prachesta-1,360,167,70,39,17,9,57
Jharkhand,Saraikela-Kharsawan,Prachesta-1,355,166,75,25,25,8,55
Jharkhand,Chatra,Prachesta-1,352,152,76,33,25,6,61
Jharkhand,Sahibganj,Prachesta-1,331,136,77,32,19,10,58
Jharkhand,Khunti,Prachesta-1,322,152,76,31,5,8,49
Jharkhand,Bokaro,Prachesta-1,322,167,51,33,5,14,53
Jharkhand,Giridih,Prachesta-1,320,134,66,39,22,3,56
Jharkhand,Simdega,Prachesta-1,320,129,76,28,16,6,65
Jharkhand,Purbi Singhbhum,Prachesta-1,319,145,67,33,3,10,61
Jharkhand,Pakaur,Prachesta-1,318,149,61,34,18,10,46
Jharkhand,Deoghar,Prachesta-1,316,151,79,39,9,3,35
Jharkhand,Palamu,Prachesta-1,309,139,78,22,30,9,30
Jharkhand,Godda,Prachesta-1,307,150,63,34,18,11,30
Jharkhand,Latehar,Prachesta-1,306,129,67,36,14,10,51
Jharkhand,Kodarma,Prachesta-1,306,153,58,37,14,8,36
Jharkhand,Gumla,Prachesta-2,293,134,69,30,1,6,53
Jharkhand,Pashchimi Singhbhum,Prachesta-2,290,151,66,34,1,2,36
Jharkhand,Lohardaga,Prachesta-2,289,132,62,25,3,8,59
Jharkhand,Jamtara,Prachesta-2,272,130,41,31,2,11,59
Jharkhand,Garhwa,Prachesta-2,270,127,49,28,12,10,44
Jharkhand,Dumka,Prachesta-2,252,137,51,26,5,8,23
Karnataka,Chitradurga,Ati-Uttam,459,216,80,43,35,24,61
Karnataka,Bidar,Ati-Uttam,434,195,80,40,33,25,60
Karnataka,Belagavi,Ati-Uttam,432,215,77,32,32,14,61
Karnataka,Dharwad,Ati-Uttam,429,212,82,36,28,6,65
Karnataka,Gadag,Uttam,419,204,82,30,30,12,60
Karnataka,Haveri,Uttam,417,194,79,35,35,15,59
Karnataka,Bagalkot,Uttam,416,215,81,27,30,13,50
Karnataka,Uttara Kannada,Uttam,415,213,75,33,21,13,60
Karnataka,Bengaluru Rural,Uttam,415,197,81,26,35,13,63
Karnataka,Belagavi Chikkodi,Uttam,410,219,54,36,33,13,55
Karnataka,Ramanagara,Uttam,409,204,72,33,25,14,60
Karnataka,Kolar,Uttam,409,179,82,37,35,13,62
Karnataka,Davanagere,Uttam,407,203,75,27,25,16,60
Karnataka,Tumakuru,Uttam,405,202,76,40,26,14,46
Karnataka,Uttara Kannada Sirsi,Uttam,405,186,79,42,25,14,58
Karnataka,Mandya,Uttam,399,184,79,32,33,15,56
Karnataka,Yadagiri,Uttam,397,181,81,32,31,14,58
Karnataka,Hassan,Uttam,397,204,79,25,33,15,40
Karnataka,Vijayapura,Uttam,397,199,78,32,25,6,57
Karnataka,Dakshina Kannada,Uttam,393,181,76,35,34,17,51
Karnataka,Chikkaballapura,Uttam,389,170,79,43,30,14,53
Karnataka,Kodagu,Uttam,382,173,79,29,30,12,59
Karnataka,Raichur,Uttam,378,190,71,35,20,11,51
Karnataka,Chamarajanagara,Uttam,377,176,81,30,25,14,50
Karnataka,Koppal,Uttam,375,182,75,25,25,14,54
Karnataka,Bengaluru U South,Uttam,371,186,73,32,20,17,44
Karnataka,Udupi,Uttam,367,176,83,34,30,15,29
Karnataka,Tumakuru Madhugiri,Uttam,363,179,72,35,9,14,54
Karnataka,Bengaluru U North,Prachesta-1,358,168,72,32,16,16,55
Karnataka,Kalburgi,Prachesta-1,354,170,70,30,16,12,55
Karnataka,Chikkamangaluru,Prachesta-1,352,167,76,39,30,12,28
Karnataka,Shivamogga,Prachesta-1,346,164,68,36,14,12,51
Karnataka,Mysuru,Prachesta-1,345,168,72,25,25,13,41
Karnataka,Ballari,Prachesta-1,317,192,35,33,4,15,38
Kerala,Thiruvananthapuram,Ati-Uttam,454,207,80,38,32,26,71
Kerala,Kannur,Ati-Uttam,452,191,79,44,30,26,82
Kerala,Thrissur,Ati-Uttam,448,193,79,37,25,31,84
Kerala,Ernakulam,Ati-Uttam,446,182,82,38,33,29,83
Kerala,Malappuram,Ati-Uttam,446,184,81,40,32,27,81
Kerala,Kollam,Ati-Uttam,436,193,74,38,31,22,78
Kerala,Alappuzha,Ati-Uttam,431,174,77,38,32,26,83
Kerala,Pathanamthitta,Ati-Uttam,429,166,81,45,35,24,78
Kerala,Kottayam,Ati-Uttam,425,186,76,39,15,28,81
Kerala,Kozhikode,Ati-Uttam,424,179,79,37,28,23,79
Kerala,Idukki,Uttam,417,173,79,42,28,23,70
Kerala,Palakkad,Uttam,416,166,78,38,35,27,72
Kerala,Wayanad,Uttam,415,166,77,36,26,27,83
Kerala,Kasaragod,Uttam,410,161,77,40,27,22,83
Ladakh,Kargil,Prachesta-2,278,92,67,26,33,3,56
Ladakh,Leh (Ladakh),Prachesta-2,265,114,64,32,14,10,32
Lakshadweep,Lakshadweep,Prachesta-1,359,130,76,39,20,34,59
Madhya Pradesh,Narsimhapur,Uttam,394,193,80,37,35,4,45
Madhya Pradesh,Sagar,Uttam,383,184,79,36,29,1,53
Madhya Pradesh,Sehore,Uttam,372,164,79,34,35,2,58
Madhya Pradesh,Bhopal,Uttam,369,165,77,34,34,6,53
Madhya Pradesh,Dewas,Uttam,366,161,75,38,35,2,55
Madhya Pradesh,Indore,Uttam,366,161,79,38,35,4,50
Madhya Pradesh,Khandwa,Uttam,363,156,78,39,35,2,53
Madhya Pradesh,Agar Malwa,Uttam,362,171,79,33,35,1,41
Madhya Pradesh,Balaghat,Prachesta-1,358,153,78,37,35,2,53
Madhya Pradesh,Hoshangabad,Prachesta-1,358,155,80,33,35,4,51
Madhya Pradesh,Rajgarh,Prachesta-1,356,147,80,37,33,2,57
Madhya Pradesh,Shahdol,Prachesta-1,355,148,79,37,35,2,55
Madhya Pradesh,Chhatarpur,Prachesta-1,348,145,78,38,32,2,53
Madhya Pradesh,Seoni,Prachesta-1,348,144,79,38,35,3,50
Madhya Pradesh,Burhanpur,Prachesta-1,346,153,79,29,35,2,47
Madhya Pradesh,Shajapur,Prachesta-1,343,144,79,37,34,2,48
Madhya Pradesh,Gwalior,Prachesta-1,343,140,79,38,34,5,46
Madhya Pradesh,Mandsaur,Prachesta-1,342,139,79,37,33,2,52
Madhya Pradesh,Damoh,Prachesta-1,342,143,79,36,35,2,47
Madhya Pradesh,Jabalpur,Prachesta-1,337,142,79,32,35,3,47
Madhya Pradesh,Mandla,Prachesta-1,336,139,73,33,35,1,56
Madhya Pradesh,Neemuch,Prachesta-1,336,153,78,33,35,3,35
Madhya Pradesh,Ashoknagar,Prachesta-1,336,135,78,33,29,2,60
Madhya Pradesh,Raisen,Prachesta-1,335,138,79,37,34,2,45
Madhya Pradesh,Rewa,Prachesta-1,335,142,78,33,35,1,46
Madhya Pradesh,Chhindwara,Prachesta-1,334,145,79,31,32,2,44
Madhya Pradesh,Bhind,Prachesta-1,333,136,78,35,34,1,49
Madhya Pradesh,Betul,Prachesta-1,333,138,79,36,32,2,45
Madhya Pradesh,Khargone,Prachesta-1,330,128,78,34,35,2,52
Madhya Pradesh,Dindori,Prachesta-1,330,132,78,35,34,2,49
Madhya Pradesh,Ratlam,Prachesta-1,330,131,80,30,35,3,51
Madhya Pradesh,Anuppur,Prachesta-1,329,134,78,33,30,2,53
Madhya Pradesh,Vidisha,Prachesta-1,329,124,79,38,31,2,56
Madhya Pradesh,Guna,Prachesta-1,327,133,77,37,30,2,48
Madhya Pradesh,Harda,Prachesta-1,327,134,77,32,30,4,50
Madhya Pradesh,Umaria,Prachesta-1,327,127,78,32,35,2,53
Madhya Pradesh,Shivpuri,Prachesta-1,327,142,79,35,25,1,45
Madhya Pradesh,Sidhi,Prachesta-1,327,130,78,35,33,1,49
Madhya Pradesh,Datia,Prachesta-1,326,130,80,36,35,2,43
Madhya Pradesh,Satna,Prachesta-1,326,125,78,36,34,2,50
Madhya Pradesh,Ujjain,Prachesta-1,325,126,78,37,30,2,52
Madhya Pradesh,Dhar,Prachesta-1,324,117,79,37,35,3,54
Madhya Pradesh,Singrauli,Prachesta-1,322,118,78,42,35,2,47
Madhya Pradesh,Morena,Prachesta-1,321,133,78,34,28,1,46
Madhya Pradesh,Katni,Prachesta-1,320,115,73,37,34,2,59
Madhya Pradesh,Tikamgarh,Prachesta-1,317,142,70,22,26,2,55
Madhya Pradesh,Barwani,Prachesta-1,316,131,79,30,32,2,43
Madhya Pradesh,Sheopur,Prachesta-1,312,117,78,37,32,1,47
Madhya Pradesh,Panna,Prachesta-1,311,113,78,34,35,1,50
Madhya Pradesh,Jhabua,Prachesta-1,304,105,78,32,35,1,53
Madhya Pradesh,Alirajpur,Prachesta-2,278,97,77,31,30,1,43
Maharastra,Gondiya,Uttam,402,163,80,47,30,22,60
Maharastra,Latur,Uttam,397,168,80,40,29,20,60
Maharastra,Solapur,Uttam,393,172,77,41,21,24,58
Maharastra,Bid,Uttam,389,202,60,36,20,18,52
Maharastra,Aurangabad (Maharashtra),Uttam,388,157,81,40,26,32,52
Maharastra,Nandurbar,Uttam,385,161,80,44,29,18,53
Maharastra,Dhule,Uttam,385,172,74,45,23,21,50
Maharastra,Nashik,Uttam,381,159,76,42,27,22,55
Maharastra,Nagpur,Uttam,378,156,81,43,26,20,52
Maharastra,Ahmadnagar,Uttam,371,186,78,30,11,25,40
Maharastra,Sangli,Uttam,367,166,79,40,25,24,33
Maharastra,Washim,Uttam,366,159,80,39,30,22,36
Maharastra,Osmanabad,Prachesta-1,359,156,77,40,21,22,43
Maharastra,Palghar,Prachesta-1,356,150,78,42,18,22,45
Maharastra,Kolhapur,Prachesta-1,355,171,63,39,31,24,28
Maharastra,Parbhani,Prachesta-1,349,165,77,36,15,19,37
Maharastra,Mumbai (Suburban),Prachesta-1,349,109,83,40,30,31,56
Maharastra,Wardha,Prachesta-1,344,144,72,39,17,22,50
Maharastra,Yavatmal,Prachesta-1,341,124,77,46,21,17,56
Maharastra,Bhandara,Prachesta-1,340,149,74,41,24,20,32
Maharastra,Nanded,Prachesta-1,337,156,69,36,30,16,31
Maharastra,Mumbai Ii,Prachesta-1,331,133,77,25,32,30,35
Maharastra,Gadchiroli,Prachesta-1,320,179,78,42,NA,20,1
Maharastra,Pune,Prachesta-1,317,142,56,27,20,26,45
Maharastra,Jalgaon,Prachesta-1,314,126,76,30,24,30,28
Maharastra,Raigarh (Maharashtra),Prachesta-1,314,163,58,32,17,20,23
Maharastra,Hingoli,Prachesta-1,311,141,81,27,35,20,7
Maharastra,Thane,Prachesta-2,292,154,73,26,NA,26,13
Maharastra,Jalna,Prachesta-2,283,125,77,25,6,21,28
Maharastra,Amravati,Prachesta-2,268,150,66,27,NA,21,3
Maharastra,Buldana,Prachesta-2,262,125,11,27,27,21,51
Maharastra,Ratnagiri,Prachesta-3,236,166,12,36,NA,21,1
Maharastra,Sindhudurg,Prachesta-3,227,150,21,32,NA,23,1
Maharastra,Chandrapur,Prachesta-3,215,115,45,29,NA,24,2
Maharastra,Akola,Prachesta-3,200,138,11,27,NA,21,3
Maharastra,Satara,Prachesta-3,198,129,12,29,NA,26,1
Manipur,Kakching,Prachesta-2,267,140,30,33,1,11,53
Manipur,Tengnoupal,Prachesta-2,249,138,27,28,2,5,47
Manipur,Imphal West,Prachesta-2,245,126,22,32,4,11,49
Manipur,Thoubal,Prachesta-3,240,138,23,30,0,6,42
Manipur,Churachandpur,Prachesta-3,231,137,23,29,0,6,36
Manipur,Imphal East,Prachesta-3,231,133,21,31,0,9,37
Manipur,Kangpokpi,Prachesta-3,228,127,30,29,0,5,37
Manipur,Tamenglong,Prachesta-3,228,126,31,31,1,4,35
Manipur,Chandel,Prachesta-3,226,129,23,30,1,3,40
Manipur,Jiribam,Prachesta-3,225,120,31,29,6,3,36
Manipur,Noney,Prachesta-3,224,121,27,30,2,5,37
Manipur,Bishnupur,Prachesta-3,222,124,24,30,0,9,36
Manipur,Senapati,Prachesta-3,213,120,21,29,2,4,37
Manipur,Ukhrul,Prachesta-3,211,117,24,30,0,4,37
Manipur,Kamjong,Prachesta-3,210,111,26,31,5,1,36
Manipur,Pherzawl,Prachesta-3,209,111,29,29,5,4,31
Meghalaya,East Khasi Hills,Prachesta-2,246,125,42,20,9,6,44
Meghalaya,West Jaintia Hills,Prachesta-3,232,99,40,26,12,3,52
Meghalaya,Ri Bhoi,Prachesta-3,219,97,39,24,13,2,45
Meghalaya,South West Garo Hills,Prachesta-3,218,96,34,18,11,2,57
Meghalaya,South West Khasi Hills,Prachesta-3,216,111,29,23,7,1,44
Meghalaya,West Khasi Hills,Prachesta-3,215,100,32,29,9,2,43
Meghalaya,West Garo Hills,Prachesta-3,212,109,39,24,6,2,32
Meghalaya,East Jaintia Hills,Prachesta-3,199,94,28,24,6,2,44
Meghalaya,North Garo Hills,Prachesta-3,194,92,31,18,9,1,43
Meghalaya,South Garo Hills,Prachesta-3,193,89,32,18,8,1,45
Meghalaya,East Garo Hills,Prachesta-3,192,86,35,23,13,3,31
Mizoram,Aizawl,Prachesta-1,332,137,72,39,16,11,57
Mizoram,Saiha,Prachesta-1,320,134,69,37,17,6,56
Mizoram,Kolasib,Prachesta-1,316,148,74,41,4,7,42
Mizoram,Champhai,Prachesta-2,280,124,57,35,3,5,56
Mizoram,Lunglei,Prachesta-3,206,106,32,23,14,6,25
Mizoram,Mamit,Akanshi-1,126,85,10,22,NA,6,3
Mizoram,Serchhip,Akanshi-1,125,80,10,23,NA,7,4
Mizoram,Lawngtlai,Akanshi-2,106,62,10,28,NA,3,3
Nagaland,Wokha,Prachesta-2,298,147,62,36,14,8,31
Nagaland,Mokokchung,Prachesta-2,294,127,71,40,14,10,32
Nagaland,Phek,Prachesta-2,279,126,63,37,14,7,31
Nagaland,Zunheboto,Prachesta-2,274,119,65,38,14,7,31
Nagaland,Kiphire,Prachesta-2,270,125,61,34,13,5,31
Nagaland,Dimapur,Prachesta-2,256,116,45,38,10,15,31
Nagaland,Peren,Prachesta-2,255,103,56,38,17,9,31
Nagaland,Tuensang,Prachesta-2,254,116,57,31,14,4,31
Nagaland,Kohima,Prachesta-3,240,119,43,27,7,12,31
Nagaland,Mon,Prachesta-3,233,87,60,36,12,6,31
Nagaland,Longleng,Prachesta-3,226,87,57,35,9,7,32
Odisha,Jagatsinghpur,Ati-Uttam,438,224,77,40,33,7,57
Odisha,Ganjam,Uttam,417,176,82,39,29,32,59
Odisha,Puri,Uttam,415,183,80,40,35,15,61
Odisha,Cuttack,Uttam,390,181,68,40,35,5,61
Odisha,Bhadrak,Uttam,385,173,79,39,30,5,59
Odisha,Nayagarh,Uttam,384,171,79,39,34,5,56
Odisha,Balasore,Uttam,382,181,77,39,28,5,51
Odisha,Angul,Uttam,375,161,76,40,35,13,51
Odisha,Kendrapara,Uttam,367,152,75,39,35,5,60
Odisha,Sundergarh,Uttam,366,152,78,37,33,9,58
Odisha,Mayurbhanj,Uttam,363,154,77,41,35,7,49
Odisha,Nuapada,Prachesta-1,357,142,83,41,32,4,57
Odisha,Jharsuguda,Prachesta-1,357,157,81,41,33,5,40
Odisha,Boudh,Prachesta-1,357,146,80,41,30,8,51
Odisha,Sonepur,Prachesta-1,356,147,75,40,31,3,60
Odisha,Dhenkanal,Prachesta-1,355,146,78,41,33,5,54
Odisha,Nabarangpur,Prachesta-1,352,139,77,40,33,3,61
Odisha,Keonjhar,Prachesta-1,344,134,82,35,31,4,58
Odisha,Bolangir,Prachesta-1,336,156,75,39,30,4,32
Odisha,Sambalpur,Prachesta-1,335,126,80,39,30,4,55
Odisha,Deogarh,Prachesta-1,335,138,69,39,26,5,58
Odisha,Gajapati,Prachesta-1,334,126,79,39,30,3,57
Odisha,Khurdha,Prachesta-1,329,161,67,33,21,5,43
Odisha,Kalahandi,Prachesta-1,327,130,69,38,35,3,51
Odisha,Kandhamal,Prachesta-1,322,114,80,42,24,3,59
Odisha,Malkangiri,Prachesta-1,319,122,83,38,35,3,39
Odisha,Jajpur,Prachesta-1,310,159,66,40,12,5,29
Odisha,Rayagada,Prachesta-1,306,111,73,39,29,3,51
Odisha,Koraput,Prachesta-1,305,103,75,40,29,3,56
Odisha,Baragarh,Prachesta-2,263,139,68,32,16,5,3
Puducherry,Mahe,Uttam,399,139,83,46,35,30,66
Puducherry,Yanam,Uttam,398,146,83,45,35,24,65
Puducherry,Karaikal,Uttam,391,140,83,43,35,26,64
Puducherry,Pondicherry,Uttam,385,135,83,43,35,25,64
Punjab,Gurdaspur,Uttam,407,160,78,37,35,19,79
Punjab,Firozpur,Uttam,395,152,78,35,35,18,77
Punjab,Nawanshahr,Uttam,395,145,79,37,35,21,77
Punjab,Jalandhar,Uttam,389,140,78,37,35,21,79
Punjab,Sangrur,Uttam,387,139,78,37,35,22,77
Punjab,Faridkot,Uttam,386,135,78,37,35,23,78
Punjab,Ludhiana,Uttam,386,137,78,36,35,24,75
Punjab,Amritsar,Uttam,383,134,78,40,35,21,75
Punjab,Mansa,Uttam,383,131,78,37,35,22,80
Punjab,Pathankot,Uttam,382,134,78,38,35,19,78
Punjab,Hoshiarpur,Uttam,380,133,78,38,35,20,76
Punjab,Mohali,Uttam,380,131,78,36,35,22,77
Punjab,Fazilka,Uttam,380,135,78,36,35,19,77
Punjab,Kapurthala,Uttam,377,130,78,37,35,20,77
Punjab,Moga,Uttam,377,127,79,37,35,23,76
Punjab,Bathinda,Uttam,376,124,78,37,35,24,77
Punjab,Taran Taran,Uttam,374,126,78,37,35,20,79
Punjab,Barnala,Uttam,368,120,79,37,30,25,78
Punjab,Fatehgarh Sahib,Uttam,367,120,79,35,35,21,77
Punjab,Rupnagar,Uttam,364,118,78,37,35,18,78
Punjab,Patiala,Uttam,362,116,78,36,35,20,77
Punjab,Muktsar,Uttam,362,112,78,37,35,23,77
Rajasthan,Sikar,Ati-Uttam,476,224,81,37,35,35,63
Rajasthan,Jhunjhunu,Ati-Uttam,472,234,81,38,33,32,54
Rajasthan,Jaipur,Ati-Uttam,470,218,81,36,35,37,63
Rajasthan,Tonk,Ati-Uttam,452,205,80,38,35,33,61
Rajasthan,Nagaur,Ati-Uttam,451,226,81,36,30,21,57
Rajasthan,Bundi,Ati-Uttam,444,202,78,40,35,34,56
Rajasthan,Jalor,Ati-Uttam,443,203,81,36,35,28,60
Rajasthan,Bikaner,Ati-Uttam,442,194,79,39,35,34,61
Rajasthan,Jodhpur,Ati-Uttam,439,201,77,36,35,29,61
Rajasthan,Kota,Ati-Uttam,433,200,80,35,35,27,56
Rajasthan,Bhilwara,Ati-Uttam,433,195,80,40,33,28,57
Rajasthan,Barmer,Ati-Uttam,430,192,80,37,35,27,59
Rajasthan,Ajmer,Ati-Uttam,428,196,80,35,35,22,60
Rajasthan,Dhaulpur,Ati-Uttam,427,206,72,35,35,22,58
Rajasthan,Jhalawar,Ati-Uttam,427,193,80,38,33,23,60
Rajasthan,Alwar,Ati-Uttam,427,195,80,35,35,24,58
Rajasthan,Sawai Madhopur,Ati-Uttam,426,207,77,35,29,22,57
Rajasthan,Chittaurgarh,Ati-Uttam,425,181,78,37,34,34,62
Rajasthan,Ganganagar,Ati-Uttam,424,190,80,36,35,23,58
Rajasthan,Dausa,Ati-Uttam,423,204,74,34,35,16,61
Rajasthan,Jaisalmer,Ati-Uttam,422,208,76,34,32,15,57
Rajasthan,Pratapgarh (Raj.),Uttam,419,179,78,38,35,32,57
Rajasthan,Bharatpur,Uttam,417,195,79,38,32,20,54
Rajasthan,Hanumangarh,Uttam,416,184,79,39,35,22,58
Rajasthan,Baran,Uttam,415,201,74,31,28,27,54
Rajasthan,Churu,Uttam,413,207,60,36,27,27,55
Rajasthan,Rajsamand,Uttam,406,185,72,38,29,26,56
Rajasthan,Karauli,Uttam,406,184,79,30,35,19,58
Rajasthan,Udaipur,Uttam,403,181,79,37,35,17,54
Rajasthan,Sirohi,Uttam,399,171,75,36,33,27,57
Rajasthan,Pali,Uttam,392,165,73,35,32,30,58
Rajasthan,Dungarpur,Uttam,382,174,75,35,29,12,58
Rajasthan,Banswara,Uttam,365,161,78,31,34,8,52
Sikkim,West Sikkim,Prachesta-1,328,114,80,31,29,14,59
Sikkim,East Sikkim,Prachesta-1,322,113,79,32,23,15,60
Sikkim,North Sikkim,Prachesta-1,303,126,74,32,30,13,28
Sikkim,South Sikkim,Prachesta-2,293,114,56,41,20,11,52
Tamil Nadu,Kanniyakumari,Uttam,419,157,82,41,35,21,83
Tamil Nadu,Kancheepuram,Uttam,418,159,81,41,35,19,84
Tamil Nadu,Villupuram,Uttam,418,162,82,36,35,21,82
Tamil Nadu,Dharmapuri,Uttam,414,168,80,32,35,16,82
Tamil Nadu,Tiruvallur,Uttam,412,159,81,36,35,17,83
Tamil Nadu,Erode,Uttam,408,151,83,38,35,17,84
Tamil Nadu,Sivagangai,Uttam,408,159,80,36,35,15,82
Tamil Nadu,Tiruvannamalai,Uttam,406,154,82,37,35,14,84
Tamil Nadu,Perambalur,Uttam,405,151,83,37,35,16,84
Tamil Nadu,Ramanathapuram,Uttam,404,157,80,36,35,13,83
Tamil Nadu,Dindigul,Uttam,402,154,80,37,35,13,83
Tamil Nadu,Tirunelveli,Uttam,402,153,80,36,35,14,83
Tamil Nadu,Namakkal,Uttam,402,144,84,38,35,17,84
Tamil Nadu,Salem,Uttam,401,148,82,36,35,17,82
Tamil Nadu,Tiruvarur,Uttam,400,141,83,42,35,17,82
Tamil Nadu,Chennai,Uttam,400,136,83,40,35,24,81
Tamil Nadu,The Nilgiris,Uttam,399,146,81,35,35,19,82
Tamil Nadu,Coimbatore,Uttam,399,138,83,42,35,19,82
Tamil Nadu,Thanjavur,Uttam,398,150,80,36,35,14,84
Tamil Nadu,Cuddalore,Uttam,397,142,80,41,35,15,83
Tamil Nadu,Karur,Uttam,397,152,81,33,35,15,81
Tamil Nadu,Virudhunagar,Uttam,393,143,82,36,35,15,82
Tamil Nadu,Thoothukkudi,Uttam,391,146,80,34,35,13,83
Tamil Nadu,Pudukkottai,Uttam,391,141,80,38,35,13,84
Tamil Nadu,Nagapattinam,Uttam,388,139,80,36,35,16,82
Tamil Nadu,Vellore,Uttam,388,141,80,36,35,14,82
Tamil Nadu,Madurai,Uttam,388,133,83,41,35,15,81
Tamil Nadu,Theni,Uttam,386,133,80,36,35,17,84
Tamil Nadu,Tiruchirappalli,Uttam,385,133,84,36,35,15,83
Tamil Nadu,Krishnagiri,Prachesta-1,352,99,83,37,35,15,84
Tamil Nadu,Tiruppur,Prachesta-1,301,68,82,37,35,5,74
Tamil Nadu,Ariyalur,Prachesta-2,299,70,81,35,35,5,74
Telangana,Khammam,Uttam,392,154,78,40,30,9,82
Telangana,Warangal Urban,Uttam,391,168,74,41,23,10,74
Telangana,Rangareddy,Uttam,387,164,68,36,24,16,78
Telangana,Sangareddy,Uttam,381,152,73,41,35,8,73
Telangana,Medchal,Uttam,381,161,64,40,26,17,73
Telangana,Siddipet,Uttam,376,169,72,33,17,9,76
Telangana,Karimnagar,Uttam,375,167,71,33,14,11,80
Telangana,Rajanna,Uttam,369,150,67,35,27,10,81
Telangana,Hyderabad,Uttam,365,154,61,32,26,19,72
Telangana,Jangaon,Uttam,364,162,71,37,10,7,77
Telangana,Mancherial,Uttam,362,164,66,31,22,6,73
Telangana,Bhadradri,Uttam,360,144,71,36,23,5,81
Telangana,Nalgonda,Prachesta-1,358,143,68,35,26,8,78
Telangana,Warangal Rural,Prachesta-1,356,137,74,35,28,8,75
Telangana,Peddapalli,Prachesta-1,356,147,69,34,18,10,79
Telangana,Vikarabad,Prachesta-1,351,122,79,36,30,7,76
Telangana,Suryapet,Prachesta-1,348,126,72,36,29,9,77
Telangana,Nizamabad,Prachesta-1,348,153,67,32,20,10,66
Telangana,Medak,Prachesta-1,345,127,69,32,35,6,76
Telangana,Mulugu,Prachesta-1,335,121,67,35,30,4,79
Telangana,Kamareddy,Prachesta-1,334,138,58,25,30,8,74
Telangana,Nirmal,Prachesta-1,330,136,57,35,18,8,75
Telangana,Wanaparthy,Prachesta-1,330,145,67,33,5,7,74
Telangana,Yadadri,Prachesta-1,328,134,62,40,22,10,61
Telangana,Mahabubabad,Prachesta-1,326,117,68,41,19,4,77
Telangana,Adilabad,Prachesta-1,325,96,67,42,35,5,81
Telangana,Jagtial,Prachesta-1,322,125,62,35,15,7,77
Telangana,Jayashankar,Prachesta-1,320,125,74,31,7,7,76
Telangana,Komaram Bheem,Prachesta-1,315,110,68,34,30,4,70
Telangana,Jogulamba,Prachesta-1,311,136,54,41,5,7,68
Telangana,Mahabubnagar,Prachesta-1,301,123,53,30,17,7,72
Telangana,Nagarkurnool,Prachesta-2,297,122,57,32,5,5,77
Telangana,Narayanapet,Prachesta-2,259,92,45,30,12,6,74
Tripura,Khowai,Prachesta-1,336,140,75,39,27,1,54
Tripura,Gomati,Prachesta-1,321,139,69,38,19,3,54
Tripura,Sepahijala,Prachesta-1,321,133,73,39,20,3,54
Tripura,West Tripura,Prachesta-1,320,136,64,41,20,5,54
Tripura,Dhalai,Prachesta-2,300,111,70,38,28,1,53
Tripura,South Tripura,Prachesta-2,300,132,64,39,13,1,51
Tripura,North Tripura,Prachesta-2,297,125,72,37,24,2,36
Tripura,Unakoti,Prachesta-2,273,121,51,39,15,3,44
Uttar Pradesh,Barabanki,Ati-Uttam,423,201,80,42,35,4,61
Uttar Pradesh,Gautam Buddha Nagar,Ati-Uttam,420,175,78,43,33,32,60
Uttar Pradesh,Auraiya,Uttam,416,193,75,39,32,17,61
Uttar Pradesh,Allahabad,Uttam,408,171,79,34,35,28,62
Uttar Pradesh,Sultanpur,Uttam,407,165,79,40,35,25,63
Uttar Pradesh,Unnao,Uttam,400,172,75,41,32,27,54
Uttar Pradesh,Meerut,Uttam,399,171,81,41,35,10,61
Uttar Pradesh,Azamgarh,Uttam,395,186,68,40,35,11,56
Uttar Pradesh,Kushinagar,Uttam,394,165,75,40,29,26,59
Uttar Pradesh,Basti,Uttam,393,180,78,39,32,12,53
Uttar Pradesh,Jhansi,Uttam,391,155,81,43,35,16,62
Uttar Pradesh,Mathura,Uttam,391,159,77,42,30,25,57
Uttar Pradesh,Farrukhabad,Uttam,390,166,79,35,35,14,61
Uttar Pradesh,Siddharthnagar,Uttam,388,161,79,38,34,21,54
Uttar Pradesh,Lalitpur,Uttam,386,162,59,41,32,30,62
Uttar Pradesh,Jaunpur,Uttam,385,167,77,38,35,6,62
Uttar Pradesh,Aligarh,Uttam,385,182,78,37,22,7,60
Uttar Pradesh,Gonda,Uttam,385,167,80,41,35,3,60
Uttar Pradesh,Amethi - CSM Nagar,Uttam,384,160,79,38,35,9,63
Uttar Pradesh,Pratapgarh,Uttam,379,156,79,39,35,7,62
Uttar Pradesh,Deoria,Uttam,378,142,78,40,35,21,62
Uttar Pradesh,Ballia,Uttam,376,157,76,38,32,10,62
Uttar Pradesh,Kanpur Dehat,Uttam,376,177,75,35,26,5,58
Uttar Pradesh,Jyotiba Phule Nagar (Amroha),Uttam,371,172,74,39,33,3,51
Uttar Pradesh,Ghaziabad,Uttam,370,147,80,42,34,11,57
Uttar Pradesh,Shrawasti,Uttam,365,126,78,39,34,14,74
Uttar Pradesh,Hathras,Uttam,365,170,75,42,18,18,42
Uttar Pradesh,Agra,Uttam,364,148,74,41,34,5,61
Uttar Pradesh,Lucknow,Uttam,363,132,70,43,31,30,57
Uttar Pradesh,Faizabad,Uttam,362,148,74,40,34,5,61
Uttar Pradesh,Mau,Uttam,361,157,72,37,24,10,61
Uttar Pradesh,Etawah,Prachesta-1,359,146,75,45,34,2,58
Uttar Pradesh,Hapur (Panchsheel Nagar),Prachesta-1,356,137,79,44,35,4,59
Uttar Pradesh,Sant Kabir Nagar,Prachesta-1,356,147,77,36,33,4,60
Uttar Pradesh,Moradabad,Prachesta-1,354,128,78,34,30,27,58
Uttar Pradesh,Ambedkar Nagar,Prachesta-1,352,184,57,35,25,9,42
Uttar Pradesh,Hamirpur (U.P.),Prachesta-1,352,164,68,42,18,2,58
Uttar Pradesh,Saharanpur,Prachesta-1,352,136,81,42,30,4,58
Uttar Pradesh,Chitrakoot,Prachesta-1,347,136,74,34,34,10,59
Uttar Pradesh,Mirzapur,Prachesta-1,345,126,79,41,35,8,56
Uttar Pradesh,Kanpur Nagar,Prachesta-1,343,130,65,42,31,12,63
Uttar Pradesh,Shamli (Prabudh Nagar),Prachesta-1,342,115,82,44,35,14,51
Uttar Pradesh,Sonbhadra,Prachesta-1,341,126,79,40,30,3,62
Uttar Pradesh,Bijnor,Prachesta-1,340,159,72,42,18,4,45
Uttar Pradesh,Balrampur Up,Prachesta-1,339,121,74,42,33,10,59
Uttar Pradesh,Bareilly,Prachesta-1,337,139,78,37,34,6,42
Uttar Pradesh,Bhadoi,Prachesta-1,336,170,59,35,11,5,56
Uttar Pradesh,Mainpuri,Prachesta-1,336,150,62,42,20,11,50
Uttar Pradesh,Bahraich,Prachesta-1,335,129,69,39,31,10,57
Uttar Pradesh,Kanshiram Nagar,Prachesta-1,332,113,72,39,30,20,58
Uttar Pradesh,Gorakhpur,Prachesta-1,331,136,74,39,28,5,48
Uttar Pradesh,Shahjahanpur,Prachesta-1,330,132,79,41,19,2,58
Uttar Pradesh,Firozabad,Prachesta-1,326,140,70,38,22,14,43
Uttar Pradesh,Baghpat,Prachesta-1,325,141,69,39,11,15,49
Uttar Pradesh,Chandauli,Prachesta-1,325,163,59,36,23,4,39
Uttar Pradesh,Varanasi,Prachesta-1,324,124,75,41,34,13,39
Uttar Pradesh,Banda,Prachesta-1,324,131,61,41,28,4,59
Uttar Pradesh,Jalaun,Prachesta-1,323,167,70,30,16,2,39
Uttar Pradesh,Fatehpur,Prachesta-1,321,140,65,40,29,2,46
Uttar Pradesh,Hardoi,Prachesta-1,320,106,80,39,28,13,54
Uttar Pradesh,Budaun,Prachesta-1,318,111,80,31,31,4,60
Uttar Pradesh,Maharajganj,Prachesta-1,317,121,65,36,26,23,45
Uttar Pradesh,Kheri,Prachesta-1,316,111,76,40,28,5,56
Uttar Pradesh,Mahoba,Prachesta-1,316,154,62,40,24,3,33
Uttar Pradesh,Sitapur,Prachesta-1,316,136,72,42,20,4,42
Uttar Pradesh,Kaushambi,Prachesta-1,315,125,65,42,20,4,59
Uttar Pradesh,Sambhal (Bhim Nagar),Prachesta-1,313,116,77,40,29,15,36
Uttar Pradesh,Kannauj,Prachesta-1,309,104,78,35,33,4,55
Uttar Pradesh,Ghazipur,Prachesta-1,308,94,72,35,23,23,61
Uttar Pradesh,Rae Bareli,Prachesta-1,307,142,60,34,21,2,47
Uttar Pradesh,Etah,Prachesta-1,301,111,67,39,20,7,57
Uttar Pradesh,Rampur,Prachesta-1,300,101,74,36,27,3,59
Uttar Pradesh,Bulandshahr,Prachesta-2,295,114,77,33,35,5,31
Uttar Pradesh,Muzaffarnagar,Prachesta-2,288,120,71,38,30,4,25
Uttar Pradesh,Pilibhit,Prachesta-2,274,141,53,31,9,2,37
Uttarakhand,Bageshwar,Uttam,365,165,70,39,25,8,58
Uttarakhand,Dehradun,Uttam,365,169,76,35,22,12,51
Uttarakhand,Nainital,Prachesta-1,337,165,69,41,17,9,37
Uttarakhand,Pauri,Prachesta-1,334,177,74,40,14,7,22
Uttarakhand,Almora,Prachesta-1,331,149,75,35,30,5,38
Uttarakhand,Champawat,Prachesta-1,330,137,73,33,29,6,51
Uttarakhand,Tehri Garhwal,Prachesta-1,313,172,66,32,19,5,18
Uttarakhand,Hardwar,Prachesta-1,311,153,75,32,17,9,25
Uttarakhand,Rudraprayag,Prachesta-1,308,164,50,39,13,7,34
Uttarakhand,Uttarkashi,Prachesta-2,244,102,67,34,13,5,24
Uttarakhand,Chamoli,Prachesta-3,218,134,18,40,16,5,5
Uttarakhand,Udham Singh Nagar,Prachesta-3,198,139,10,24,NA,10,15
Uttarakhand,Pithoragarh,Prachesta-3,197,120,9,33,NA,5,29
West Bengal,Kolkata,Ati-Uttam,439,205,78,42,34,21,60
West Bengal,Purba Medinipur,Uttam,406,201,79,39,20,3,63
West Bengal,South 24 Parganas,Uttam,405,175,80,35,32,22,62
West Bengal,Murshidabad,Uttam,402,173,77,43,35,13,61
West Bengal,Dakshin Dinajpur,Uttam,397,169,81,39,33,17,57
West Bengal,Jhargram,Uttam,394,171,76,37,32,20,59
West Bengal,Paschim Medinipur,Uttam,392,175,77,40,35,2,63
West Bengal,Cooch Bihar,Uttam,390,166,82,41,31,9,61
West Bengal,Paschim Bardhaman,Uttam,387,161,66,38,34,30,58
West Bengal,Howrah,Uttam,387,167,79,41,35,5,59
West Bengal,Siliguri,Uttam,378,152,81,40,35,7,63
West Bengal,Jalpaiguri,Uttam,374,136,79,38,33,29,60
West Bengal,Maldah,Uttam,373,160,77,38,35,3,60
West Bengal,Purba Bardhaman,Uttam,367,180,72,33,22,4,58
West Bengal,Hooghly,Uttam,364,174,78,35,26,5,46
West Bengal,Purulia,Prachesta-1,359,145,79,38,33,2,62
West Bengal,Alipurduar,Prachesta-1,358,160,76,38,26,13,44
West Bengal,North 24 Parganas,Prachesta-1,356,136,80,38,26,13,63
West Bengal,Birbhum,Prachesta-1,353,145,73,41,29,3,61
West Bengal,Bankura,Prachesta-1,328,164,57,39,5,3,59
West Bengal,Nadia,Prachesta-2,300,145,69,40,5,3,38
West Bengal,Uttar Dinajpur,Prachesta-2,281,130,78,35,34,2,3
West Bengal,Kalimpong,Prachesta-3,215,70,80,24,28,4,9
West Bengal,Darjeeling,Akanshi-1,165,41,63,30,5,0,26
